id,fname,lname,phone,trip_id
1,Abhay,Sharma,(123) 456-789,101
2,Abhijit,Sharma,(123) 456-790,102
3,Abhinav,Sharma,(123) 456-791,103
4,Abhishek,Sharma,(123) 456-792,104
5,Adarsh,Sharma,(123) 456-793,105
6,Adesh,Sharma,(123) 456-794,106
7,Adhar,Sharma,(123) 456-795,107
8,Adi ,Sharma,(123) 456-796,108
9,Aditya ,Sharma,(123) 456-797,109
10,Ajay,Sharma,(123) 456-798,110
11,Ajish,Sharma,(123) 456-799,111
12,Ajit ,Sharma,(123) 456-800,112
13,Akasha,Sharma,(123) 456-801,113
14,Akhil,Sharma,(123) 456-802,114
15,Akshat,Sharma,(123) 456-803,115
16,Amarjit,Sharma,(123) 456-804,116
17,Amarsinh,Sharma,(123) 456-805,117
18,Ambika,Sharma,(123) 456-806,118
19,Amit,Sharma,(123) 456-807,119
20,Ammar ,Sharma,(123) 456-808,120
21,Amrik,Sharma,(123) 456-809,121
22,Amrutlal,Sharma,(123) 456-810,122
23,Anand ,Sharma,(123) 456-811,123
24,Ananya,Sharma,(123) 456-812,124
25,Angad,Sharma,(123) 456-813,125
26,Aniket,Sharma,(123) 456-814,126
27,Anil ,Sharma,(123) 456-815,127
28,Anirban,Sharma,(123) 456-816,128
29,Aniruddha,Sharma,(123) 456-817,129
30,Ankit,Sharma,(123) 456-818,130
31,Anuj,Sharma,(123) 456-819,131
32,Anup,Sharma,(123) 456-820,132
33,Anupam ,Sharma,(123) 456-821,133
34,Anurag,Sharma,(123) 456-822,134
35,Apoorva,Sharma,(123) 456-823,135
36,Arhaan,Sharma,(123) 456-824,136
37,Aritra,Sharma,(123) 456-825,137
38,Arjun,Sharma,(123) 456-826,138
39,Arjun,Sharma,(123) 456-827,139
40,Arnab,Sharma,(123) 456-828,140
41,Arun ,Sharma,(123) 456-829,141
42,Arvind,Sharma,(123) 456-830,142
43,Arya,Sharma,(123) 456-831,143
44,Aseem,Sharma,(123) 456-832,144
45,Ashu ,Sharma,(123) 456-833,145
46,Ashwin,Sharma,(123) 456-834,146
47,Abhay,Verma,(123) 456-835,147
48,Abhijit,Verma,(123) 456-836,148
49,Abhinav,Verma,(123) 456-837,149
50,Abhishek,Verma,(123) 456-838,150
51,Adarsh,Verma,(123) 456-839,151
52,Adesh,Verma,(123) 456-840,152
53,Adhar,Verma,(123) 456-841,153
54,Adi ,Verma,(123) 456-842,154
55,Aditya ,Verma,(123) 456-843,155
56,Ajay,Verma,(123) 456-844,156
57,Ajish,Verma,(123) 456-845,157
58,Ajit ,Verma,(123) 456-846,158
59,Akasha,Verma,(123) 456-847,159
60,Akhil,Verma,(123) 456-848,160
61,Akshat,Verma,(123) 456-849,161
62,Amarjit,Verma,(123) 456-850,162
63,Amarsinh,Verma,(123) 456-851,163
64,Ambika,Verma,(123) 456-852,164
65,Amit,Verma,(123) 456-853,165
66,Ammar ,Verma,(123) 456-854,166
67,Amrik,Verma,(123) 456-855,167
68,Amrutlal,Verma,(123) 456-856,168
69,Anand ,Verma,(123) 456-857,169
70,Ananya,Verma,(123) 456-858,170
71,Angad,Verma,(123) 456-859,171
72,Aniket,Verma,(123) 456-860,172
73,Anil ,Verma,(123) 456-861,173
74,Anirban,Verma,(123) 456-862,174
75,Aniruddha,Verma,(123) 456-863,175
76,Ankit,Verma,(123) 456-864,176
77,Anuj,Verma,(123) 456-865,177
78,Anup,Verma,(123) 456-866,178
79,Anupam ,Verma,(123) 456-867,179
80,Anurag,Verma,(123) 456-868,180
81,Apoorva,Verma,(123) 456-869,181
82,Arhaan,Verma,(123) 456-870,182
83,Aritra,Verma,(123) 456-871,183
84,Arjun,Verma,(123) 456-872,184
85,Arjun,Verma,(123) 456-873,185
86,Arnab,Verma,(123) 456-874,186
87,Arun ,Verma,(123) 456-875,187
88,Arvind,Verma,(123) 456-876,188
89,Arya,Verma,(123) 456-877,189
90,Aseem,Verma,(123) 456-878,190
91,Ashu ,Verma,(123) 456-879,191
92,Ashwin,Verma,(123) 456-880,192
93,Abhay,Mishra,(123) 456-881,193
94,Abhijit,Mishra,(123) 456-882,194
95,Abhinav,Mishra,(123) 456-883,195
96,Abhishek,Mishra,(123) 456-884,196
97,Adarsh,Mishra,(123) 456-885,197
98,Adesh,Mishra,(123) 456-886,198
99,Adhar,Mishra,(123) 456-887,199
100,Adi ,Mishra,(123) 456-888,200
101,Aditya ,Mishra,(123) 456-889,201
102,Ajay,Mishra,(123) 456-890,202
103,Ajish,Mishra,(123) 456-891,203
104,Ajit ,Mishra,(123) 456-892,204
105,Akasha,Mishra,(123) 456-893,205
106,Akhil,Mishra,(123) 456-894,206
107,Akshat,Mishra,(123) 456-895,207
108,Amarjit,Mishra,(123) 456-896,208
109,Amarsinh,Mishra,(123) 456-897,209
110,Ambika,Mishra,(123) 456-898,210
111,Amit,Mishra,(123) 456-899,211
112,Ammar ,Mishra,(123) 456-900,212
113,Amrik,Mishra,(123) 456-901,213
114,Amrutlal,Mishra,(123) 456-902,214
115,Anand ,Mishra,(123) 456-903,215
116,Ananya,Mishra,(123) 456-904,216
117,Angad,Mishra,(123) 456-905,217
118,Aniket,Mishra,(123) 456-906,218
119,Anil ,Mishra,(123) 456-907,219
120,Anirban,Mishra,(123) 456-908,220